id_arma,arma,tipo_arma
1,,ARMAS BLANCAS (OBJET
2,,ARMAS DE FUEGO
3,,NINGUNA
4,AMETRALLADORA,ARMAS DE FUEGO
5,ARTESANAL,ARMAS DE FUEGO
6,ARTESANAL,NINGUNA
7,BISTURÍES,ARMAS BLANCAS (OBJET
8,BOTELLA ROTA,ARMAS BLANCAS (OBJET
9,CARABINA,ARMAS DE FUEGO
10,CARTUCHERA,ARMAS DE FUEGO
11,CARTUCHERAS,ARMAS DE FUEGO
12,CORTAFRIO,ARMAS BLANCAS (OBJET
13,CUCHILLOS,ARMAS BLANCAS (OBJET
14,DAGA,ARMAS BLANCAS (OBJET
15,DESTORNILLADORES,ARMAS BLANCAS (OBJET
16,ESPADAS,ARMAS BLANCAS (OBJET
17,ESTILETE,ARMAS BLANCAS (OBJET
18,FUSIL,ARMAS DE FUEGO
19,FUSILES,ARMAS DE FUEGO
20,HACHAS,ARMAS BLANCAS (OBJET
21,HOJAS DE AFEITAR,ARMAS BLANCAS (OBJET
22,LANZA,ARMAS BLANCAS (OBJET
23,MACHETES,ARMAS BLANCAS (OBJET
24,NAVAJAS,ARMAS BLANCAS (OBJET
25,NINGUNA,ARMAS BLANCAS (OBJET
26,NINGUNA,ARMAS DE FUEGO
27,NINGUNA,NINGUNA
28,OTROS,ARMAS BLANCAS (OBJET
29,OTROS,ARMAS DE FUEGO
30,OTROS,NINGUNA
31,OTROS ARMAS CORTAS,ARMAS BLANCAS (OBJET
32,OTROS ARMAS CORTAS,ARMAS DE FUEGO
33,PICA HIELO,ARMAS BLANCAS (OBJET
34,PISTOLA,ARMAS DE FUEGO
35,PISTOLAS,ARMAS DE FUEGO
36,PUÑALES,ARMAS BLANCAS (OBJET
37,REVÓLVER,ARMAS DE FUEGO
38,RIFLE,ARMAS DE FUEGO
39,RIFLES,ARMAS DE FUEGO
40,SUBAMETRALLADORA,ARMAS DE FUEGO
41,TIJERAS,ARMAS BLANCAS (OBJET
