id_infraccion,presunta_infraccion
1,BOLETAS
2,CONTRAVENCIÓN CONTRA EL DERECHO AL TRABAJO
3,CONTRAVENCIÓN DE ACTOS ILEGALES TENDIENTES AL ALZA DE PRECIOS DE PRODUCTOS SUJETOS A PRECIO OFICIAL
4,CONTRAVENCIÓN DE MALTRATO Y MUERTE DE MASCOTAS O ANIMALES DE COMPAÑÍA
5,CONTRAVENCIÓN DE VIOLENCIA CONTRA LA MUJER O MIEMBROS DEL NÚCLEO FAMILIAR
6,CONTRAVENCIONES
7,CONTRAVENCIONES CONTRA ANIMALES QUE FORMEN PARTE DE LA FAUNA URBANA
8,CONTRAVENCIONES CONTRA EL DERECHO DE PROPIEDAD
9,CONTRAVENCIONES CONTRA LA EFICIENCIA DE LA ADMINISTRACIÓN PÚBLICA
10,CONTRAVENCIONES CONTRA LA TUTELA JUDICIAL EFECTIVA
11,CONTRAVENCIONES DE TRÁNSITO
12,"DE LA PROTECCIÓN CONTRA EL MALTRATO, ABUSO, EXPLOTACIÓN SEXUAL, TRÁFICO Y PÉRDIDA DE NIÑOS, NIÑAS Y ADOLESCENTES."
13,DEL DERECHO A VISITAS
14,DELITO
15,DELITO CONTRA EL DERECHO AL HONOR Y BUEN NOMBRE
16,DELITO DE DISCRIMINACIÓN
17,DELITO DE ODIO
18,DELITOS CONTRA DEL RÉGIMEN MONETARIO
19,DELITOS CONTRA EL DERECHO A LA CULTURA
20,DELITOS CONTRA EL DERECHO A LA IDENTIDAD
21,DELITOS CONTRA EL DERECHO A LA INTIMIDAD PERSONAL Y FAMILIAR
22,DELITOS CONTRA EL DERECHO A LA PROPIEDAD
23,DELITOS CONTRA EL DERECHO A LA SALUD
24,DELITOS CONTRA EL DERECHO AL TRABAJO Y LA SEGURIDAD SOCIAL
25,DELITOS CONTRA EL RÉGIMEN DE DESARROLLO
26,DELITOS CONTRA EL SISTEMA FINANCIERO
27,"DELITOS CONTRA LA ACTIVIDAD HIDROCARBURÍFERA, DERIVADOS DE HIDROCARBUROS, GAS LICUADO DE PETRÓLEO Y BIOCOMBUSTIBLES"
28,DELITOS CONTRA LA ADMINISTRACIÓN ADUANERA
29,DELITOS CONTRA LA BIODIVERSIDAD
30,DELITOS CONTRA LA EFICIENCIA DE LA ADMINISTRACIÓN PÚBLICA
31,DELITOS CONTRA LA FE PÚBLICA
32,DELITOS CONTRA LA GESTIÓN AMBIENTAL
33,DELITOS CONTRA LA HUMANIDAD
34,DELITOS CONTRA LA INTEGRIDAD PERSONAL
35,DELITOS CONTRA LA INTEGRIDAD SEXUAL Y REPRODUCTIVA
36,DELITOS CONTRA LA INVIOLABILIDAD DE LA VIDA
37,DELITOS CONTRA LA LIBERTAD PERSONAL
38,DELITOS CONTRA LA MIGRACIÓN
39,DELITOS CONTRA LA SEGURIDAD DE LOS ACTIVOS DE LOS SISTEMAS DE INFORMACIÓN Y COMUNICACIÓN
40,DELITOS CONTRA LA SEGURIDAD PÚBLICA
41,DELITOS CONTRA LA TUTELA JUDICIAL EFECTIVA
42,"DELITOS CONTRA LOS DERECHOS DE LOS CONSUMIDORES, USUARIOS Y OTROS AGENTES DEL MERCADO"
43,DELITOS CONTRA LOS DERECHOS DE PARTICIPACIÓN
44,DELITOS CONTRA LOS RECURSOS MINEROS
45,DELITOS CONTRA LOS RECURSOS NATURALES
46,DELITOS CONTRA PERSONAS Y BIENES PROTEGIDOS POR EL DERECHO INTERNACIONAL HUMANITARIO
47,DELITOS CULPOSOS DE TRÁNSITO
48,DELITOS DE VIOLENCIA CONTRA LA MUJER O MIEMBROS DEL NÚCLEO FAMILIAR
49,DELITOS ECONÓMICOS
50,DELITOS POR LA PRODUCCIÓN O TRÁFICO ILÍCITO DE SUSTANCIAS CATALOGADAS SUJETAS A FISCALIZACIÓN
51,DIVERSAS FORMAS DE EXPLOTACIÓN
52,INFRACCIONES
53,ORDENANZA
54,TERRORISMO Y SU FINANCIACIÓN
55,TRATA DE PERSONAS
