id_nacionalidad,nacionalidad
1,AFRICA
2,ALBANO
3,ALEMÁN
4,ARGELINO
5,ARGENTINO
6,ARMENIO
7,ASIA
8,AUSTRALIANO
9,AUSTRIA
10,AZERBAIYAN
11,BANGLADESÍ
12,BANGLADESÍÍ
13,BARBADENSE
14,BELGA
15,BELICEÑO
16,BIELORUSO
17,BISAUGINEANO
18,BOLIVIANO
19,BRASILEÑO
20,BRITÁNICO
21,BULGARA
22,BUTAN
23,CABOVERDIANO
24,CAMBOYANO
25,CAMERUNÉS
26,CANADIENSE
27,CEILANDÉS
28,CHADIANO
29,CHILE
30,CHINO
31,CISKEINA
32,COLOMBIANO
33,COMORENSE
34,CONGOLEÑO
35,COREA
36,COSTA DE MARFIL
37,COSTARRICENSE
38,CROATA
39,CUBANO
40,DANES
41,DOMINICANO
42,ECUATOGUINEANO
43,ECUATORIANO
44,EGIPCIO
45,EL SALVADOR
46,ESLOVAQUIA
47,ESPAÑOL
48,ESTADOUNIDENCE
49,ESTONIO
50,ETÍOPE
51,FILIPINO
52,FRANCÉS
53,GEORGIANO
54,GHANÉS
55,GRIEGO
56,GUATEMALA
57,GUATEMALTECO
58,GUINEANO
59,HAITIANO
60,HOLANDÉS
61,HONDUREÑO
62,INDIO/HINDÚ
63,INDONESA
64,INDU
65,IRANÍ
66,IRLANDA
67,IRLANDÉS
68,ISRAELÍ
69,ITALIANO
70,ITALIANONO
71,JAPONESA
72,JORDANO
73,KIRGUÍS
74,LETONIO
75,LIBANÉS
76,LIBIO
77,LITUANO
78,MACEDONIO
79,MALAYO
80,MALTA
81,MARFILEÑO
82,MARROQUÍ
83,MEXICANO
84,MOLDAVO
85,NEOZELANDÉS
86,NICARAGUENSE
87,NIGERIANO
88,NIGERINO
89,NORUEGO
90,PAKISTANÍ
91,PALAUANO
92,PALESTINO
93,PANAMEÑO
94,PAPÚ
95,PARAGUAYO
96,PERUANO
97,POLACO
98,PORTUGUÉS
99,PUERTO RICO
100,RUMANO
101,RUSO
102,SALOMONENSE
103,SALVADOREÑO
104,SAMOA
105,SENEGALESA
106,SERBIO
107,SIERRALEONÉS
108,SINGAPURENSE
109,SIRIO
110,SUDAFRICANO
111,SUECO
112,SUIZO
113,SURCOREANO
114,TAIWAN
115,TAIWANES
116,TAYIKA
117,TOGOLÉS
118,TURCO
119,UCRANIANO
120,UGANDÉS
121,URUGUAYO
122,UZBECO
123,VANUATUENSE
124,VATICANA
125,VENEZOLANO
126,VIETNAMITA
127,YEMENÍ
128,YUGOSLAVA
