codigo_parroquia,nombre_parroquia,codigo_canton
0,MAR TERRITORIAL,0
10150,CUENCA,101
10151,BAÑOS,101
10152,CUMBE,101
10154,CHECA (JIDCAY),101
10155,CHIQUINTAD,101
10156,LLACAO,101
10157,MOLLETURO,101
10158,NULTI,101
10159,OCTAVIO CORDERO PALACIOS (STA. ROSA),101
10160,PACCHA,101
10161,QUINGEO,101
10162,RICAURTE,101
10163,SAN JOAQUIN,101
10164,SANTA ANA,101
10165,SAYAUSI,101
10166,SIDCAY,101
10167,SININCAY,101
10168,TARQUI,101
10169,TURI,101
10170,VALLE,101
10171,VICTORIA DEL PORTETE (IRQUIS),101
10250,GIRON,102
10251,ASUNCION,102
10252,SAN GERARDO,102
10350,GUALACEO,103
10353,JADAN,103
10354,MARIANO MORENO,103
10356,REMIGIO CRESPO TORAL (GULAG),103
10357,SAN JUAN,103
10358,ZHIDMAD,103
10359,LUIS CORDERO VEGA,103
10360,SIMON BOLIVAR (CAB. EN GAÑANZOL),103
10450,NABON,104
10451,COCHAPATA,104
10452,EL PROGRESO (CAB. EN ZHOTA),104
10453,LAS NIEVES (CHAYA),104
10550,PAUTE,105
10552,BULAN (JOSE VICTOR IZQUIERDO),105
10553,CHICAN (GUILLERMO ORTEGA),105
10554,EL CABO,105
10556,GUARAINAG,105
10559,SAN CRISTOBAL (CARLOS ORDOÑEZ LAZO),105
10561,TOMEBAMBA,105
10562,DUG DUG,105
10650,PUCARA,106
10652,SAN RAFAEL DE SHARUG,106
10750,SAN FERNANDO,107
10751,CHUMBLIN,107
10850,SANTA ISABEL (CHAGUARURCO),108
10851,ABDON CALDERON (LA UNION),108
10854,SAN SALVADOR DE CAÑARIBAMBA,108
10950,SIGSIG,109
10951,CUCHIL (CUTCHIL),109
10952,GIMA,109
10953,GUEL,109
10954,LUDO,109
10955,SAN BARTOLOME,109
10956,SAN JOSE DE RARANGA,109
11050,SAN FELIPE DE OÑA,110
11051,SUSUDEL,110
11150,CHORDELEG,111
11151,PRINCIPAL,111
11152,LA UNION,111
11250,EL PAN,112
11350,SEVILLA DE ORO,113
11351,AMALUZA,113
11352,PALMAS,113
11450,GUACHAPALA,114
11550,CAMILO PONCE ENRIQUEZ,115
11551,EL CARMEN DE PIJILI,115
20150,GUARANDA,201
20151,FACUNDO VELA,201
20153,JULIO E. MORENO (CATANAHUAN GRANDE),201
20155,SALINAS,201
20156,SAN LORENZO,201
20157,SAN SIMON (YACOTO),201
20158,SANTA FE (SANTA FE),201
20159,SIMIATUG,201
20160,SAN LUIS DE PAMBIL,201
20250,CHILLANES,202
20251,SAN JOSE DEL TAMBO (TAMBOPAMBA),202
20350,SAN JOSE DE CHIMBO,203
20351,ASUNCION (ASANCOTO),203
20353,MAGDALENA (CHAPACOTO),203
20354,SAN SEBASTIAN,203
20355,TELIMBELA,203
20450,ECHEANDIA,204
20550,SAN MIGUEL,205
20551,BALSAPAMBA,205
20552,BILOVAN,205
20553,REGULO DE MORA,205
20554,SAN PABLO (SAN PABLO DE ATENAS),205
20555,SANTIAGO,205
20650,CALUMA,206
20750,LAS NAVES,207
30150,AZOGUES,301
30151,COJITAMBO,301
30153,GUAPAN,301
30154,JAVIER LOYOLA (CHUQUIPATA),301
30155,LUIS CORDERO,301
30158,SAN MIGUEL,301
30160,TADAY,301
30250,BIBLIAN,302
30251,NAZON (CAB. EN PAMPA DE DOMINGUEZ),302
30252,SAN FRANCISCO DE SAGEO,302
30253,TURUPAMBA,302
30254,JERUSALEN,302
30350,CAÑAR,303
30352,CHOROCOPTE,303
30353,GENERAL MORALES (SOCARTE),303
30354,GUALLETURO,303
30355,HONORATO VASQUEZ (TAMBO VIEJO),303
30356,INGAPIRCA,303
30357,JUNCAL,303
30358,SAN ANTONIO,303
30361,ZHUD,303
30362,VENTURA,303
30363,DUCUR,303
30450,LA TRONCAL,304
30451,MANUEL J. CALLE,304
30452,PANCHO NEGRO,304
30550,EL TAMBO,305
30650,DELEG,306
30651,SOLANO,306
30750,SUSCAL,307
40150,TULCAN,401
40151,EL CARMELO (EL PUN),401
40153,JULIO ANDRADE (OREJUELA),401
40156,TOBAR DONOSO (LA BOCANA DE CAMUMBI),401
40157,TUFIÑO,401
40158,URBINA (TAYA),401
40159,EL CHICAL,401
40161,SANTA MARTHA DE CUBA,401
40250,BOLIVAR,402
40251,GARCIA MORENO,402
40252,LOS ANDES,402
40253,MONTE OLIVO,402
40254,SAN VICENTE DE PUSIR,402
40255,SAN RAFAEL,402
40350,EL ANGEL,403
40352,LA LIBERTAD (ALIZO),403
40353,SAN ISIDRO,403
40450,MIRA (CHONTAHUASI),404
40451,CONCEPCION,404
40452,JIJON Y CAAMAÑO (CAB. EN RIO BLANCO),404
40453,JUAN MONTALVO (SAN IGNACIO DE QUIL),404
40550,SAN GABRIEL,405
40551,CRISTOBAL COLON,405
40552,CHITAN DE NAVARRETE,405
40553,FERNANDEZ SALVADOR,405
40554,LA PAZ,405
40555,PIARTAL,405
40650,HUACA,406
40651,MARISCAL SUCRE,406
50150,LATACUNGA,501
50151,ALAQUES (ALAQUEZ),501
50152,BELISARIO QUEVEDO (GUANAILIN),501
50153,GUAITACAMA (GUAYTACAMA),501
50154,JOSEGUANGO BAJO,501
50156,MULALO,501
50157,11 DE NOVIEMBRE (ILINCHISI),501
50158,POALO,501
50159,SAN JUAN DE PASTOCALLE,501
50161,TANICUCHI,501
50162,TOACASO,501
50250,LA MANA,502
50251,GUASAGANDA (CAB. EN GUASAGANDA CENTRO),502
50252,PUCAYACU,502
50350,EL CORAZON,503
50351,MORASPUNGO,503
50352,PINLLOPATA,503
50450,PUJILI,504
50455,LA VICTORIA,504
50456,PILALO,504
50457,TINGO,504
50458,ZUMBAHUA,504
50550,SAN MIGUEL,505
50551,ANTONIO JOSE HOLGUIN (SANTA LUCIA),505
50552,CUSUBAMBA,505
50553,MULALILLO,505
50554,MULLIQUINDIL (SANTA ANA),505
50555,PANSALEO,505
50650,SAQUISILI,506
50651,CANCHAGUA,506
50652,CHANTILIN,506
50653,COCHAPAMBA,506
50750,SIGCHOS,507
50751,CHUGCHILLAN,507
50752,ISINLIVI,507
50753,LAS PAMPAS,507
60150,RIOBAMBA,601
60152,CALPI,601
60153,CUBIJIES,601
60155,LICAN,601
60156,LICTO,601
60157,PUNGALA,601
60158,PUNIN,601
60159,QUIMIAG,601
60160,SAN JUAN,601
60161,"CACHA (CAB. EN MACHANGARA), SAN LUIS",601
60250,ALAUSI,602
60251,ACHUPALLAS,602
60253,GUASUNTOS,602
60254,HUIGRA,602
60255,MULTITUD,602
60258,SEVILLA,602
60259,SIBAMBE,602
60260,TIXAN,602
60350,VILLA LA UNION (CAJABAMBA),603
60352,COLUMBE,603
60353,JUAN DE VELASCO (PANGOR),603
60354,SANTIAGO DE QUITO (CAB. EN SAN ANTONIO DE QUITO),603
60450,CHAMBO,604
60550,CHUNCHI,605
60552,COMPUD,605
60553,GONZOL,605
60554,LLAGOS,605
60650,GUAMOTE,606
60651,CEBADAS,606
60652,PALMIRA,606
60750,GUANO,607
60751,GUANANDO,607
60752,ILAPO,607
60753,LA PROVIDENCIA,607
60754,SAN ANDRES,607
60755,SAN GERARDO DE PACAICAGUAN,607
60756,SAN ISIDRO DE PATULU,607
60758,SANTA FE DE GALAN,607
60850,PALLATANGA,608
60950,PENIPE,609
60952,MATUS,609
60953,PUELA,609
60954,SAN ANTONIO DE BAYUSHIG,609
61050,CUMANDA,610
70150,MACHALA,701
70152,EL RETIRO,701
70250,ARENILLAS,702
70251,CHACRAS,702
70254,PALMALES,702
70255,CARCABON,702
70350,PACCHA,703
70351,AYAPAMBA,703
70352,CORDONCILLO,703
70353,MILAGRO,703
70355,SAN JUAN DE CERRO AZUL,703
70450,BALSAS,704
70451,BELLAMARIA,704
70550,CHILLA,705
70650,EL GUABO,706
70651,BARBONES (SUCRE),706
70652,LA IBERIA,706
70653,TENDALES (CAB. EN PUERTO TENDALES),706
70654,RIO BONITO,706
70750,HUAQUILLAS,707
70850,MARCABELI,708
70851,EL INGENIO,708
70950,PASAJE,709
70951,BUENAVISTA,709
70952,CASACAY,709
70953,LA PEAÑA,709
70954,PROGRESO,709
70955,UZHCURRUMI,709
70956,CAÑAQUEMADA,709
71050,PIÑAS,710
71051,CAPIRO (CAB. EN LA CAPILLA DE CAPIRO),710
71052,LA BOCANA,710
71054,PIEDRAS,710
71055,SAN ROQUE (AMBROSIO MALDONADO),710
71056,SARACAY,710
71150,PORTOVELO,711
71151,CURTINCAPA,711
71152,MORALES,711
71153,SALATI,711
71250,SANTA ROSA,712
71251,BELLAVISTA,712
71252,JAMBELI,712
71253,LA AVANZADA,712
71254,SAN ANTONIO,712
71255,TORATA,712
71256,VICTORIA,712
71257,BELLAMARIA,712
71350,ZARUMA,713
71351,ABAÑIN,713
71352,ARCAPAMBA,713
71353,GUANAZAN,713
71354,GUIZHAGUIÑA,713
71355,HUERTAS,713
71356,MALVAS,713
71357,MULUNCAY GRANDE,713
71358,SINSAO,713
71359,SALVIAS,713
71450,LA VICTORIA,714
71452,EL PARAISO,714
71453,SAN ISIDRO,714
80150,ESMERALDAS,801
80152,CAMARONES (CAB. EN SAN VICENTE),801
80153,CRNEL. CARLOS CONCHA TORRES (CAB. EN HUELE),801
80154,CHINCA,801
80159,MAJUA,801
80163,SAN MATEO,801
80165,TABIAZO,801
80166,TACHINA,801
80168,VUELTA LARGA,801
80250,VALDEZ (LIMONES),802
80253,BORBON,802
80254,LA TOLA,802
80255,LUIS VARGAS TORRES (CAB. EN PLAYA DE ORO),802
80256,MALDONADO,802
80257,PAMPANAL DE BOLIVAR,802
80258,SAN FRANCISCO DE ONZOLE,802
80259,SANTO DOMINGO DE ONZOLE,802
80260,SELVA ALEGRE,802
80261,TELEMBI,802
80262,COLON ELOY DEL MARIA,802
80264,TIMBIRE,802
80265,SANTA LUCIA DE LAS PEÑAS,802
80350,MUISNE,803
80352,DAULE,803
80353,GALERA,803
80354,QUINGUE (OLMEDO PERDOMO FRANCO),803
80355,SALIMA,803
80356,SAN FRANCISCO,803
80357,SAN GREGORIO,803
80358,SAN JOSE DE CHAMANGA,803
80450,ROSA ZARATE (QUININDE),804
80451,CUBE,804
80452,CHURA (CHANCAMA) (CAB. EN EL YERBERO),804
80453,MALIMPIA,804
80454,VICHE,804
80455,LA UNION,804
80550,SAN LORENZO,805
80551,ALTO TAMBO (CAB EN GUADUAL),805
80552,ANCON (PICHANGAL) (CAB. EN PALMA REAL),805
80553,CALDERON,805
80554,CARONDELET,805
80556,CONCEPCION,805
80557,MATAJE (CAB. EN SANTANDER),805
80559,SANTA RITA,805
80560,TAMBILLO,805
80561,TULULBI (CAB. EN RICAURTE),805
80562,URBINA,805
80650,ATACAMES,806
80651,LA UNION,806
80652,SUA (CAB. EN LA BOCANA),806
80653,TONCHIGUE,806
80654,TONSUPA,806
80750,RIOVERDE,807
80751,CHONTADURO,807
80752,CHUMUNDE,807
80753,LAGARTO,807
80754,MONTALVO (CAB EN HORQUETA),807
80755,ROCAFUERTE,807
80850,LA CONCORDIA,808
80851,MONTERREY,808
80852,LA VILLEGAS,808
80853,PLAN PILOTO,808
90150,GUAYAQUIL,901
90152,JUAN GOMEZ RENDON (PROGRESO),901
90153,MORRO,901
90156,POSORJA,901
90157,PUNA,901
90158,TENGUEL,901
90250,ALFREDO BAQUERIZO MORENO (JUJAN),902
90350,BALAO,903
90450,BALZAR,904
90550,COLIMES,905
90551,SAN JACINTO,905
90650,DAULE,906
90652,JUAN BAUTISTA AGUIRRE (LOS TINTOS),906
90653,LAUREL,906
90654,LIMONAL,906
90656,LOS LOJAS (ENRIQUE BAQUERIZO MORENO),906
90750,ELOY ALFARO (DURAN),907
90850,VELASCO IBARRA (CAB. EL EMPALME),908
90851,GUAYAS (PUEBLO NUEVO),908
90852,EL ROSARIO,908
90950,EL TRIUNFO,909
91050,MILAGRO,910
91051,CHOBO,910
91053,MARISCAL SUCRE (HUAQUES),910
91054,ROBERTO ASTUDILLO (CAB. EN CRUCE DE VENECIA),910
91150,NARANJAL,911
91151,JESUS MARIA,911
91152,SAN CARLOS,911
91153,SANTA ROSA DE FLANDES,911
91154,TAURA,911
91250,NARANJITO,912
91350,PALESTINA,913
91450,PEDRO CARBO,914
91451,VALLE DE LA VIRGEN,914
91452,SABANILLA,914
91650,SAMBORONDON,916
91651,TARIFA,916
91850,SANTA LUCIA,918
91950,EL SALITRE (LAS RAMAS),919
91951,GRAL. VERNAZA (DOS ESTEROS),919
91952,LA VICTORIA (ÑAUZA),919
91953,JUNQUILLAL,919
92050,SAN JACINTO DE YAGUACHI,920
92053,GRAL. PEDRO J. MONTERO (BOLICHE),920
92055,YAGUACHI VIEJO (CONE),920
92056,VIRGEN DE FATIMA,920
92150,GENERAL VILLAMIL (PLAYAS),921
92250,SIMON BOLIVAR,922
92251,CRNEL. LORENZO DE GARAICOA (PEDREGAL),922
92350,CORONEL MARCELINO MARIDUEÑA (SAN CARLOS),923
92450,LOMAS DE SARGENTILLO,924
92550,NARCISA DE JESUS,925
92750,GRAL. ANTONIO ELIZALDE (BUCAY),927
92850,ISIDRO AYORA,928
100150,SAN MIGUEL DE IBARRA,1001
100151,AMBUQUI,1001
100152,ANGOCHAGUA,1001
100153,CAROLINA,1001
100154,LA ESPERANZA,1001
100155,LITA,1001
100156,SALINAS,1001
100157,SAN ANTONIO,1001
100250,ATUNTAQUI,1002
100251,IMBAYA (SAN LUIS DE COBUENDO),1002
100252,SAN FCO. DE NATABUELA,1002
100253,SAN JOSE DE CHALTURA,1002
100254,SAN ROQUE,1002
100350,COTACACHI,1003
100351,APUELA,1003
100352,GARCIA MORENO (LLURIMAGUA),1003
100353,IMANTAG,1003
100355,PLAZA GUTIERREZ (CALVARIO),1003
100356,QUIROGA,1003
100357,6 DE JULIO DE CUELLAJE (CAB. EN CUELLAJE),1003
100450,OTAVALO,1004
100451,DOCTOR MIGUEL EGAS CABEZAS (PEGUCHE),1004
100452,EUGENIO ESPEJO (CALPAQUI),1004
100453,GONZALEZ SUAREZ,1004
100455,SAN JOSE DE QUICHINCHE,1004
100456,SAN JUAN DE ILUMAN,1004
100457,SAN PABLO,1004
100458,SAN RAFAEL,1004
100550,PIMAMPIRO,1005
100551,CHUGA,1005
100552,MARIANO ACOSTA,1005
100553,SAN  FCO. DE SIGSIPAMBA,1005
100650,URCUQUI,1006
100651,CAHUASQUI,1006
100652,LA MERCED DE BUENOS AIRES,1006
100653,PABLO ARENAS,1006
100654,SAN BLAS,1006
100655,TUMBABIRO,1006
110150,LOJA,1101
110151,CHANTACO,1101
110152,CHUQUIRIBAMBA,1101
110153,EL CISNE,1101
110154,GUALEL,1101
110156,MALACATOS (VALLADOLID),1101
110157,SAN LUCAS,1101
110158,SAN PEDRO DE VILCABAMBA,1101
110159,SANTIAGO,1101
110160,TAQUIL (MIGUEL RIOFRIO),1101
110161,VILCABAMBA (VICTORIA),1101
110162,YANGANA (ARSENIO CASTILLO),1101
110163,QUINARA,1101
110250,CARIAMANGA,1102
110251,COLAISACA,1102
110252,EL LUCERO,1102
110253,UTUANA,1102
110254,SANGUILLIN,1102
110350,CATAMAYO (LA TOMA),1103
110351,EL TAMBO,1103
110353,SAN PEDRO DE LA BENDITA,1103
110354,ZAMBI,1103
110450,CELICA,1104
110451,CRUZPAMBA (CAB EN CARLOS BUSTAMANTE),1104
110455,POZUL (SAN JUAN DE POZUL),1104
110456,SABANILLA,1104
110457,TNTE. MAXIMILIANO RODRIGUEZ LOAIZA,1104
110550,CHAGUARPAMBA,1105
110551,BUENAVISTA,1105
110553,SANTA RUFINA,1105
110554,"AMARILLOS, BUENAVISTA, SANTA RUFINA",1105
110650,AMALUZA,1106
110651,BELLAVISTA,1106
110652,JIMBURA,1106
110653,SANTA TERESITA,1106
110654,27 DE ABRIL (CAB. EN LA NARANJA),1106
110655,EL INGENIO,1106
110656,EL AIRO,1106
110750,GONZANAMA,1107
110751,CHANGAIMINA (LA LIBERTAD),1107
110753,NAMBACOLA,1107
110754,PURUNUMA (EGUIGUREN),1107
110756,SACAPALCA,1107
110850,MACARA,1108
110851,LARAMA,1108
110852,LA VICTORIA,1108
110853,SABIANGO (LA CAPILLA),1108
110950,CATACOCHA,1109
110952,GUACHANAMA,1109
110954,LAURO GUERRERO,1109
110956,ORIANGA,1109
110958,CASANGA,1109
110959,YAMANA,1109
111050,ALAMOR,1110
111054,MERCADILLO,1110
111055,VICENTINO,1110
111150,SARAGURO,1111
111151,EL PARAISO DE CELEN,1111
111152,EL TABLON,1111
111153,LLUZHAPA,1111
111154,MANU,1111
111155,SAN ANTONIO DE QUMBE (CUMBE),1111
111156,SAN PABLO DE TENTA,1111
111157,SAN SEBASTIAN DE YULUC,1111
111159,URDANETA (PAQUISHAPA),1111
111160,SUMAYPAMBA,1111
111250,SOZORANGA,1112
111251,NUEVA FATIMA,1112
111252,TACAMOROS,1112
111350,ZAPOTILLO,1113
111352,GARZAREAL,1113
111354,PALETILLAS,1113
111450,PINDAL,1114
111452,12 DE DICIEMBRE (CAB. EN ACHIOTES),1114
111453,MILAGROS,1114
111550,QUILANGA,1115
111552,SAN ANTONIO DE LAS ARADAS (CAB. EN LAS ARADAS),1115
111650,OLMEDO,1116
111651,LA TINGUE,1116
120150,BABAHOYO,1201
120152,CARACOL,1201
120153,FEBRES CORDERO (LAS JUNTAS),1201
120154,PIMOCHA,1201
120155,LA UNION,1201
120250,BABA,1202
120251,GUARE,1202
120252,ISLA DE BEJUCAL,1202
120350,MONTALVO,1203
120351,LA ESMERALDA,1203
120450,PUEBLOVIEJO,1204
120451,PUERTO PECHICHE,1204
120452,SAN JUAN,1204
120550,QUEVEDO,1205
120553,SAN CARLOS,1205
120555,LA ESPERANZA,1205
120650,CATARAMA,1206
120651,RICAURTE,1206
120750,VENTANAS,1207
120752,ZAPOTAL,1207
120753,CHACARITA,1207
120754,LOS ANGELES,1207
120850,VINCES,1208
120851,ANTONIO SOTOMAYOR (CAB. EN PLAYAS DE VINCES),1208
120950,PALENQUE,1209
121050,SAN JACINTO DE BUENA FE,1210
121051,PATRICIA PILAR,1210
121150,VALENCIA,1211
121250,MOCACHE,1212
121350,QUINSALOMA,1213
130150,PORTOVIEJO,1301
130151,ABDON CALDERON (SAN FRANCISCO),1301
130152,ALHAJUELA (BAJO GRANDE),1301
130153,CRUCITA,1301
130154,PUEBLO NUEVO,1301
130155,RIOCHICO (RIO CHICO),1301
130156,SAN PLACIDO,1301
130157,CHIRIJOS,1301
130250,CALCETA,1302
130251,MEMBRILLO,1302
130252,QUIROGA,1302
130350,CHONE,1303
130351,BOYACA,1303
130352,CANUTO,1303
130353,CONVENTO,1303
130354,CHIBUNGA,1303
130355,ELOY ALFARO,1303
130356,RICAURTE,1303
130357,SAN ANTONIO,1303
130450,EL CARMEN,1304
130451,WILFRIDO LOOR MOREIRA (MAICITO),1304
130452,SAN PEDRO DE SUMA,1304
130550,FLAVIO ALFARO,1305
130551,SAN FRANCISCO DE NOVILLO (CAB. EN NOVILLO),1305
130552,ZAPALLO,1305
130650,JIPIJAPA,1306
130651,AMERICA,1306
130652,EL ANEGADO (CAB. EN ELOY ALFARO),1306
130653,JULCUY,1306
130654,LA UNION,1306
130656,MEMBRILLAL,1306
130657,PEDRO PABLO GOMEZ,1306
130658,PUERTO DE CAYO,1306
130750,JUNIN,1307
130850,MANTA,1308
130851,SAN LORENZO,1308
130852,SANTA MARIANITA (BOCA DE PACOCHE),1308
130950,MONTECRISTI,1309
130952,LA PILA,1309
131050,PAJAN,1310
131051,CAMPOZANO (LA PALMA DE PAJAN),1310
131052,CASCOL,1310
131053,GUALE,1310
131054,LASCANO,1310
131150,PICHINCHA,1311
131151,BARRAGANETE,1311
131152,SAN SEBASTIAN,1311
131250,ROCAFUERTE,1312
131350,SANTA ANA DE VUELTA LARGA,1313
131351,AYACUCHO,1313
131352,HONORATO VASQUEZ (CAB EN VASQUEZ),1313
131353,LA UNION,1313
131355,SAN PABLO (CAB EN PUEBLO NUEVO),1313
131450,BAHIA DE CARAQUEZ,1314
131453,CHARAPOTO,1314
131457,SAN ISIDRO,1314
131550,TOSAGUA,1315
131551,BACHILLERO,1315
131552,ANGEL PEDRO GILER (LA ESTANCILLA),1315
131650,SUCRE,1316
131651,BELLAVISTA,1316
131652,NOBOA,1316
131653,ARQ. SIXTO DURAN BALLEN,1316
131750,PEDERNALES,1317
131751,COJIMIES,1317
131752,10 DE AGOSTO,1317
131753,ATAHUALPA,1317
131850,OLMEDO,1318
131950,PUERTO LOPEZ,1319
131951,MACHALILLA,1319
131952,SALANGO,1319
132050,JAMA,1320
132150,JARAMIJO,1321
132250,SAN VICENTE,1322
132251,CANOA,1322
140150,MACAS,1401
140151,ALSHI (CAB EN 9 DE OCTUBRE),1401
140153,GENERAL PROAÑO,1401
140156,SAN ISIDRO,1401
140157,SEVILLA DON BOSCO,1401
140158,SINAI,1401
140160,ZUÑA (ZUÑAC),1401
140162,CUCHAENTZA,1401
140164,RIO BLANCO,1401
140250,GUALAQUIZA,1402
140251,AMAZONAS (ROSARIO DE CUYES),1402
140252,BERMEJOS,1402
140253,BOMBOIZA,1402
140254,CHIGUINDA,1402
140255,EL ROSARIO,1402
140256,NUEVA TARQUI,1402
140258,EL IDEAL,1402
140350,GRAL. LEONIDAS PLAZA GUTIERREZ,1403
140353,SAN ANTONIO (CAB EN SAN ANTONIO CENTRO),1403
140357,STA SUSANA DE CHIVIAZA (CAB EN CHIVIAZA),1403
140358,YUNGANZA (CAB EN EL ROSARIO),1403
140450,PALORA (METZERA),1404
140451,ARAPICOS,1404
140452,CUMANDA (CAB EN COLONIA AGRICOLA SEVILLA DEL ORO),1404
140454,SANGAY (CAB EN NAYAMANACA),1404
140455,16 DE AGOSTO,1404
140550,SANTIAGO DE MENDEZ,1405
140552,CHUPIANZA,1405
140553,PATUCA,1405
140554,SAN LUIS DE EL ACHO (CAB EN EL ACHO),1405
140556,TAYUZA,1405
140557,SAN FRANCISCO DE CHINIMBIMI,1405
140650,SUCUA,1406
140651,ASUNCION,1406
140652,HUAMBI,1406
140655,SANTA MARIANITA DE JESUS,1406
140750,HUAMBOYA,1407
140751,CHIGUAZA,1407
140850,SAN JUAN BOSCO,1408
140852,SAN CARLOS DE LIMON,1408
140854,"SAN CARLOS DE LIMON, SANTIAGO DE PANANZA",1408
140950,TAISHA,1409
140952,MACUMA,1409
140953,TUUTINENTZA,1409
141050,LOGROÑO,1410
141051,YAUPI,1410
141052,SHIMPIS,1410
141150,PABLO SEXTO,1411
141250,SANTIAGO,1412
141251,SAN JOSE DE MORONA,1412
150150,TENA,1501
150151,AHUANO,1501
150153,CHONTAPUNTA,1501
150154,PANO,1501
150155,PUERTO MISAHUALLI,1501
150156,PUERTO NAPO,1501
150157,TALAG,1501
150158,SAN JUAN DE MUYUNA,1501
150350,ARCHIDONA,1503
150352,COTUNDO,1503
150354,SAN PABLO DE USHPAYACU,1503
150356,HATUN SUMAKU,1503
150450,EL CHACO,1504
150451,GONZALO DIAZ DE PINEDA (EL BOMBON),1504
150452,LINARES,1504
150454,SANTA ROSA,1504
150455,SARDINAS,1504
150750,BAEZA,1507
150751,COSANGA,1507
150752,CUYUJA,1507
150753,PAPALLACTA,1507
150754,SAN FRANCISCO DE BORJA (VIRGILIO DAVILA),1507
150756,SUMACO,1507
150950,CARLOS JULIO AROSEMENA TOLA,1509
160150,PUYO,1601
160152,CANELOS,1601
160154,DIEZ DE AGOSTO,1601
160155,FATIMA,1601
160156,MONTALVO (ANDOAS),1601
160159,RIO TIGRE,1601
160161,SARAYACU,1601
160162,SIMON BOLIVAR (CAB. EN MUSHULLACTA),1601
160163,TARQUI,1601
160164,TENIENTE HUGO ORTIZ,1601
160165,VERACRUZ (INDILLAMA) (CAB. EN INDILLAMA),1601
160166,EL TRIUNFO,1601
160250,MERA,1602
160251,MADRE TIERRA,1602
160252,SHELL,1602
160350,SANTA CLARA,1603
160351,SAN JOSE,1603
160450,ARAJUNO,1604
160451,CURARAY,1604
170150,QUITO,1701
170151,ALANGASI,1701
170152,AMAGUAÑA,1701
170154,CALACALI,1701
170155,CALDERON (CARAPUNGO),1701
170156,CONOCOTO,1701
170157,CUMBAYA,1701
170158,CHAVEZPAMBA,1701
170159,CHECA (CHILPA),1701
170160,EL QUINCHE,1701
170161,GUALEA,1701
170162,GUANGOPOLO,1701
170163,GUAYLLABAMBA,1701
170164,LA MERCED,1701
170165,LLANO CHICO,1701
170166,LLOA,1701
170168,NANEGAL,1701
170169,NANEGALITO,1701
170170,NAYON,1701
170171,NONO,1701
170172,PACTO,1701
170174,PERUCHO,1701
170175,PIFO,1701
170176,PINTAG,1701
170177,POMASQUI,1701
170178,PUELLARO,1701
170179,PUEMBO,1701
170180,SAN ANTONIO,1701
170181,SAN JOSE DE MINAS,1701
170183,TABABELA,1701
170184,TUMBACO,1701
170185,YARUQUI,1701
170186,ZAMBIZA,1701
170250,CAYAMBE,1702
170251,ASCAZUBI,1702
170252,CANGAHUA,1702
170253,OLMEDO (PESILLO),1702
170254,OTON,1702
170255,SANTA ROSA DE CUZUBAMBA,1702
170256,SAN JOSE DE AYORA,1702
170350,MACHACHI,1703
170351,ALOAG,1703
170352,ALOASI,1703
170353,CUTUGLAHUA,1703
170354,EL CHAUPI,1703
170355,MANUEL CORNEJO ASTORGA (TANDAPI),1703
170356,TAMBILLO,1703
170357,UYUMBICHO,1703
170450,TABACUNDO,1704
170451,LA ESPERANZA,1704
170452,MALCHINGUI,1704
170453,TOCACHI,1704
170454,TUPIGACHI,1704
170550,SANGOLQUI,1705
170551,COTOGCHOA,1705
170552,RUMIPAMBA,1705
170750,SAN MIGUEL DE LOS BANCOS,1707
170751,MINDO,1707
170850,PEDRO VICENTE MALDONADO,1708
170950,PUERTO QUITO,1709
180150,AMBATO,1801
180151,AMBATILLO,1801
180152,ATAHUALPA (CHISALATA),1801
180153,AUGUSTO N. MARTINEZ (MUNDUGLEO),1801
180154,CONSTANTINO FERNANDEZ (CAB. EN CULLITAHUA),1801
180155,HUACHI GRANDE,1801
180156,IZAMBA,1801
180157,JUAN BENIGNO VELA,1801
180158,MONTALVO,1801
180159,PASA,1801
180160,PICAIGUA,1801
180161,PILAGUIN (PILAHUIN),1801
180162,QUISAPINCHA (QUIZAPINCHA),1801
180163,SAN BARTOLOME DE PINLLOG,1801
180164,SAN FERNANDO (PASA SAN FERNANDO),1801
180165,SANTA ROSA,1801
180166,TOTORAS,1801
180167,CUNCHIBAMBA,1801
180168,UNAMUNCHO,1801
180250,BAÑOS DE AGUA SANTA,1802
180252,RIO NEGRO,1802
180253,RIO VERDE,1802
180254,ULBA,1802
180350,CEVALLOS,1803
180450,MOCHA,1804
180451,PINGUILI,1804
180550,PATATE,1805
180551,EL TRIUNFO,1805
180552,LOS ANDES (CAB. EN POATUG),1805
180553,SUCRE (CAB. EN SUCRE-PATATE URCU),1805
180650,QUERO,1806
180651,RUMIPAMBA,1806
180652,YANAYACU - MOCHAPATA (CAB. EN YANAYACU),1806
180750,PELILEO,1807
180751,BENITEZ (PACHANLICA),1807
180752,BOLIVAR,1807
180753,COTALO,1807
180754,CHIQUICHA (CAB. EN CHIQUICHA GRANDE),1807
180755,EL ROSARIO (RUMICHACA),1807
180756,GARCIA MORENO (CHUMAQUI),1807
180757,GUAMBALO (HUAMBALO),1807
180758,SALASACA,1807
180850,PILLARO,1808
180852,EMILIO MARIA TERAN (RUMIPAMBA),1808
180853,MARCOS ESPINEL (CHACATA),1808
180854,PRESIDENTE URBINA (CHAGRAPAMBA -PATZUCUL),1808
180855,SAN ANDRES,1808
180856,SAN JOSE DE POALO,1808
180857,SAN MIGUELITO,1808
180950,TISALEO,1809
180951,QUINCHICOTO,1809
190150,ZAMORA,1901
190151,CUMBARATZA,1901
190152,GUADALUPE,1901
190155,SABANILLA,1901
190156,TIMBARA,1901
190158,SAN CARLOS DE LAS MINAS,1901
190250,ZUMBA,1902
190251,CHITO,1902
190254,LA CHONTA,1902
190256,PUCAPAMBA,1902
190350,GUAYZIMI,1903
190351,ZURMI,1903
190352,NUEVO PARAISO,1903
190450,28 DE MAYO (SAN JOSE DE YACUAMBI),1904
190451,LA PAZ,1904
190550,YANTZAZA (YANZATZA),1905
190551,CHICAÑA,1905
190553,LOS ENCUENTROS,1905
190650,EL PANGUI,1906
190651,EL GUISME,1906
190652,PACHICUTZA,1906
190653,TUNDAYME,1906
190750,ZUMBI,1907
190752,TRIUNFO-DORADO,1907
190753,PANGUINTZA,1907
190850,PALANDA,1908
190851,EL PORVENIR DEL CARMEN,1908
190852,SAN FRANCISCO DEL VERGEL,1908
190853,VALLADOLID,1908
190854,LA CANELA,1908
190950,PAQUISHA,1909
190951,BELLAVISTA,1909
190952,NUEVO QUITO,1909
200150,PUERTO BAQUERIZO MORENO,2001
200151,EL PROGRESO,2001
200250,PUERTO VILLAMIL,2002
200251,TOMAS DE BERLANGA (SANTO TOMAS),2002
200350,PUERTO AYORA,2003
200351,BELLAVISTA,2003
200352,SANTA ROSA,2003
210150,NUEVA LOJA,2101
210152,DURENO,2101
210153,GENERAL FARFAN,2101
210155,EL ENO,2101
210156,PACAYACU,2101
210157,JAMBELI,2101
210158,SANTA CECILIA,2101
210160,10 DE AGOSTO,2101
210250,LUMBAQUI,2102
210251,EL REVENTADOR,2102
210252,GONZALO PIZARRO,2102
210350,PUERTO EL CARMEN DEL PUTUMAYO,2103
210351,PALMA ROJA,2103
210352,PUERTO BOLIVAR (PUERTO MONTUFAR),2103
210450,SHUSHUFINDI,2104
210451,LIMONCOCHA,2104
210452,PAÑACOCHA,2104
210453,SAN ROQUE (CAB. EN SAN VICENTE),2104
210454,SAN PEDRO DE LOS COFANES,2104
210455,SIETE DE JULIO,2104
210550,LA BONITA,2105
210554,SANTA BARBARA,2105
210650,EL DORADO DE CASCALES,2106
210651,SANTA ROSA DE SUCUMBIOS,2106
210652,SEVILLA,2106
210750,TARAPOA,2107
210752,AGUAS NEGRAS,2107
220150,PUERTO FRANCISCO DE ORELLANA (EL COCA),2201
220151,DAYUMA,2201
220152,TARACOA (NUEVA ESPERANZA: YUCA),2201
220153,ALEJANDRO LABAKA,2201
220154,EL DORADO,2201
220156,GARCIA MORENO,2201
220157,INES ARANGO (CAB. EN WESTERN),2201
220158,LA BELLEZA,2201
220159,NUEVO PARAISO (CAB. EN UNION ),2201
220160,SAN JOSE DE GUAYUSA,2201
220161,SAN LUIS DE ARMENIA,2201
220250,NUEVO ROCAFUERTE,2202
220252,CONONACO,2202
220254,TIPUTINI,2202
220350,LA JOYA DE LOS SACHAS,2203
220351,ENOKANQUI,2203
220352,POMPEYA,2203
220353,SAN CARLOS,2203
220354,SAN SEBASTIAN DEL COCA,2203
220355,LAGO SAN PEDRO,2203
220356,RUMIPAMBA,2203
220357,TRES DE NOVIEMBRE,2203
220358,UNION MILAGREÑA,2203
220450,LORETO,2204
220451,AVILA (CAB. EN HUIRUNO),2204
220452,PUERTO MURIALDO,2204
220453,SAN JOSE DE PAYAMINO,2204
220454,SAN JOSE DE DAHUANO,2204
220455,SAN VICENTE DE HUATICOCHA,2204
230150,SANTO DOMINGO DE LOS COLORADOS,2301
230151,ALLURIQUIN,2301
230152,PUERTO LIMON,2301
230153,LUZ DE AMERICA,2301
230154,SAN JACINTO DEL BUA,2301
230155,VALLE HERMOSO,2301
230156,EL ESFUERZO,2301
230157,SANTA MARIA DEL TOACHI,2301
240150,SANTA ELENA,2401
240151,ATAHUALPA,2401
240152,COLONCHE,2401
240153,CHANDUY,2401
240154,MANGLARALTO,2401
240155,SIMON BOLIVAR (JULIO MORENO),2401
240156,SAN JOSE DE ANCON,2401
240250,LA LIBERTAD,2402
240350,SALINAS,2403
240351,ANCONCITO,2403
240352,JOSE LUIS TAMAYO (MUEY),2403
900451,EL PIEDRERO,9004
