codigo_provincia,nombre_provincia,tasa_pobreza,tasa_empleo_adecuado,tasa_analfabetismo,poblacion
0,MAR TERRITORIAL,,,,
1,AZUAY,17.6,38.8,3.5,801609
10,IMBABURA,34.9,30.1,6.3,469879
11,LOJA,31.4,26,2.9,485421
12,LOS RIOS,32.8,28.6,5.2,898652
13,MANABI,32.6,26.9,6,1592840
14,MORONA SANTIAGO,70.5,13.9,3.4,192508
15,NAPO,59.4,14.2,3.1,131672
16,PASTAZA,52,18.9,3.8,111915
17,PICHINCHA,19.3,43.6,1.9,3089473
18,TUNGURAHUA,23.3,24.5,4.5,563532
19,ZAMORA CHINCHIPE,30.1,30.8,3,110973
2,BOLIVAR,42.5,17,8.9,199078
20,GALAPAGOS,,36,0.6,28583
21,SUCUMBIOS,50.9,24.8,3.4,199014
22,ORELLANA,55.6,17.6,3,182166
23,SANTO DOMINGO DE LOS TSACHILAS,26.5,32.2,3.5,492969
24,SANTA ELENA,34.3,30.3,2.8,385735
3,CAÑAR,24.7,26.8,7.6,227578
4,CARCHI,35.7,24.7,3.6,172828
5,COTOPAXI,26,25.6,7.9,470210
6,CHIMBORAZO,40.1,16.1,8.4,471933
7,EL ORO,21,37.2,2.1,714592
8,ESMERALDAS,52.9,21.7,5.7,553900
9,GUAYAS,25.8,37.4,2.6,4391923
90,CAÑAR,,,,3500
DMG,GUAYAS,,,,273548
DMQ,PICHINCHA,,,,2872351
