id_subinfraccion,presunta_subinfraccion,codigo_iccs,id_infraccion
1,ABANDONO DE PERSONA,,34
2,ABANDONO MENOR,,
3,ABIGEATO,4014000,22
4,ABOLICIÓN Y SUSPENSIÓN DE DERECHOS DE PERSONA PROTEGIDA,,
5,ABORTO CON MUERTE,,36
6,ABORTO CONSENTIDO,1060001,36
7,ABORTO NO CONSENTIDO,1060002,36
8,ABUSO DE ARMA DE FUEGO,,40
9,ABUSO DE ARMAS,,
10,ABUSO DE ARMAS DE FUEGO,,
11,ABUSO DE CONFIANZA,7019001,22
12,ABUSO DE FACULTADES,7033002,30
13,ABUSO SEXUAL,3012100,35
14,"ACCESO NO CONSENTIDO A UN SISTEMA INFORMÁTICO, TELEMÁTICO O DE TELECOMUNICACIONES",9031001,39
15,ACCIONES DE MALA FE PARA INVOLUCRAR EN DELITOS,6090001,50
16,ACOSO SEXUAL,3012201,35
17,ACTIVIDAD ILÍCITA DE RECURSOS MINEROS,10043001,44
18,ACTOS DE CORRUPCIÓN EN EL SECTOR PRIVADO,,49
19,ACTOS DE ODIO,80322,17
20,ACTOS HOSTILES CONTRA EL ESTADO,,
21,ACTOS ILEGALES TENDIENTES AL ALZA DE PRECIOS DE PRODUCTOS SUJETOS A PRECIO OFICIAL,8045001,3
22,ACTOS LESIVOS A LA PROPIEDAD INTELECTUAL,,22
23,ACTOS LESIVOS A LOS DERECHOS DE AUTOR,,22
24,ACUMULE BASURA EN LA VIA PUBLICA,,
25,ACUSACIÓN O DENUNCIA MALICIOSA,,41
26,ADOPCIÓN ILEGAL,,51
27,"ADULTERACIÓN DE LA CALIDAD O CANTIDAD DE PRODUCTOS DERIVADOS DE HIDROCARBUROS, GAS LICUADO DE PETRÓLEO O BIOCOMBUSTIBLES",,27
28,AGRAVANTES EN INFRACCION DE TRANSITO N 1,,
29,AGRAVANTES EN INFRACCION DE TRANSITO N 3,,
30,AGRAVANTES EN INFRACCION DE TRANSITO N 4,,
31,AGRAVANTES EN INFRACCIONES DE TRÁNSITO,,52
32,AGRESIÓN,11016000,33
33,"ALMACENAMIENTO, TRANSPORTE, ENVASADO, COMERCIALIZACIÓN O DISTRIBUCIÓN ILEGAL DE HIDROCARBUROS EN LAS PROVINCIAS  RONTERIZAS, PUERTOS MARÍTIMOS O FLUVIALES O MAR TERRITORIAL.",,27
34,"ALMACENAMIENTO, TRANSPORTE, ENVASADO, COMERCIALIZACION O DISTRIBUCION ILEGAL DEL HIDROCARBUROS",,
35,"ALMACENAMIENTO, TRANSPORTE, ENVASADO, COMERCIALIZACIÓN O DISTRIBUCIÓN ILEGAL O MAL USO DE PRODUCTOS DERIVADOS DE HIDROCARBUROS, GAS LICUADO DE PETRÓLEO O BIOCOMBUSTIBLES",,27
36,ALTERACION DE EVIDENCIA Y ELEMENTOS DE PRUEBA,,
37,ALTERACIÓN DE EVIDENCIAS Y ELEMENTOS DE PRUEBA,8061002,30
38,APROPIACIÓN FRAUDULENTA POR MEDIOS ELECTRÓNICOS,7019016,22
39,APROVECHAMIENTO ILÍCITO DE SERVICIOS PÚBLICOS,,22
40,"ARMA DE FUEGO, MUNICIONES Y EXPLOSIVOS NO AUTORIZADOS",,
41,"ARMAS DE FUEGO, MUNICIONES Y EXPLOSIVOS NO AUTORIZADOS",9011102,40
42,ARMAS PROHIBIDAS POR EL DERECHO INTERNACIONAL HUMANITARIO,,46
43,ASESINATO,1010201,36
44,ASOCIACIÓN ILÍCITA,9051003,54
45,ATAQUE A BIENES PROTEGIDOS,11013202,46
46,ATAQUE A LA INTEGRIDAD DE SISTEMAS INFORMÁTICOS,9032201,39
47,ATAQUE A PERSONA PROTEGIDA CON FINES TERRORISTAS,11013403,46
48,ATAQUE O RESISTENCIA,2019001,30
49,ATENTADO A LA INTEGRIDAD SEXUAL Y REPRODUCTIVA DE PERSONA PROTEGIDA,11013300,46
50,ATENTADO AL PUDOR,,
51,ATENTADO CONTRA LA SEGURIDAD DE LAS OPERACIONES MILITARES O POLICIALES,9040004,40
52,AUTORIZACIÓN INDEBIDA DE CONTRATO DE SEGURO,,
53,BIENES PROTEGIDOS POR EL DERECHO INTERNACIONAL HUMANITARIO,,46
54,BOLETA DE  NOTIFICACIÓN,,1
55,BOLETA DE APREMIO,,1
56,BOLETA DE AUXILIO,,1
57,BOLETA DE DETENCIÓN/CAPTURA,,1
58,BOLETA DE ENCARCELAMIENTO,,1
59,BOLETA DE LIBERTAD,,1
60,CALUMNIA,2091001,15
61,CAPTACIÓN ILEGAL DE  DINERO,7019003,26
62,"CASINOS, SALAS DE JUEGO, CASAS DE APUESTAS O NEGOCIOS DEDICADOS A LA REALIZACIÓN DE JUEGOS DE AZAR",,42
63,COHECHO,70311,30
64,COMERCIALIZACIÓN DE BIENES DE USO POLICIAL O MILITAR HURTADOS O ROBADOS,7049001,22
65,"COMERCIALIZACIÓN DE PORNOGRAFÍA CON UTILIZACIÓN DE NIÑAS, NIÑOS O ADOLESCENTES",3022101,51
66,COMERCIALIZACION ILICITA DE TERMINALES MOVILES,,
67,"COMERCIALIZACIÓN, DISTRIBUCIÓN, IMPORTACIÓN, ALMACENAMIENTO Y DISPENSACIÓN DE MEDICAMENTOS, DISPOSITIVOS MÉDICOS Y PRODUCTOS DE USO Y CONSUMO HUMANO CADUCADOS.",2071005,23
68,CONCUSIÓN,7033003,30
69,"CONDUCCIÓN DE VEHÍCULO BAJO EFECTO DE SUSTANCIAS ESTUPEFACIENTES, PSICOTRÓPICAS O PREPARADOS QUE LAS CONTENGAN",2072202,11
70,CONDUCCIÓN DE VEHÍCULO CON LLANTAS EN MAL ESTADO,2063001,11
71,CONDUCCIÓN DE VEHÍCULO EN ESTADO DE EMBRIAGUEZ,2072102,11
72,CONTACTO CON FINALIDAD SEXUAL CON MENORES DE DIECIOCHO AÑOS POR MEDIOS ELECTRÓNICOS,3022301,35
73,CONTAMINACIÓN DE SUSTANCIAS DESTINADAS AL CONSUMO HUMANO,2071003,23
74,CONTAMINE EL AIRE A LOS LIMITES PERMITIDOS,,
75,CONTRA EL SUELO,,
76,CONTRABANDO,8044001,28
77,CONTRAVENCIÓN DE ABIGEATO,5025002,8
78,CONTRAVENCIÓN DE HURTO,5029001,8
79,CONTRAVENCIONES DE CUARTA CLASE,11090006,6
80,CONTRAVENCIONES DE PRIMERA CLASE,11090003,6
81,CONTRAVENCIONES DE SEGUNDA CLASE,11090004,6
82,CONTRAVENCIONES DE TERCERA CLASE,11090005,6
83,CONTRAVENCIONES DE TRÁNSITO DE CUARTA CLASE,9070004,11
84,CONTRAVENCIONES DE TRÁNSITO DE PRIMERA CLASE,9070001,11
85,CONTRAVENCIONES DE TRÁNSITO DE QUINTA CLASE,9070005,11
86,CONTRAVENCIONES DE TRÁNSITO DE SEGUNDA CLASE,9070002,11
87,CONTRAVENCIONES DE TRÁNSITO DE SÉPTIMA CLASE,9070007,11
88,CONTRAVENCIONES DE TRÁNSITO DE SEXTA CLASE,9070006,11
89,CONTRAVENCIONES DE TRÁNSITO DE TERCERA CLASE,9070003,11
90,CONTRAVENCIONES EN ESCENARIOS DEPORTIVOS Y DE CONCURRENCIA MASIVA,8011003,6
91,"CORRUPCIÓN DE NIÑAS, NIÑOS Y ADOLESCENTES",7039004,35
92,DAÑO A BIEN AJENO,5042001,22
93,DAÑO PERMANENTE A LA SALUD,9029001,23
94,DAÑOS MATERIALES,5049001,52
95,DAÑOS MECÁNICOS PREVISIBLES EN TRANSPORTE PÚBLICO,2063002,52
96,DEFRAUDACIÓN ADUANERA,8041001,28
97,DEFRAUDACIÓN TRIBUTARIA,8041002,25
98,DEFRAUDACIONES BURSÁTILES,,
99,DELEGACION JUDICIAL,,
100,DELINCUENCIA ORGANIZADA,9051001,54
101,DELITO ADUANERO,,
102,DELITO AMBIENTAL,,
103,DELITO CONTRA EL PATRIMONIO,,
104,DELITO ENERGETICO,,
105,DELITOS CONTRA EL AGUA,10012000,45
106,DELITOS CONTRA LA FLORA Y FAUNA SILVESTRES,10041003,29
107,DELITOS CONTRA LA INFORMACIÓN PÚBLICA RESERVADA LEGALMENTE,9031002,39
108,DELITOS CONTRA LOS BIENES INSTITUCIONALES DE FUERZAS ARMADAS O POLICIA NACIONAL,,
109,DELITOS CONTRA LOS BIENES INSTITUCIONALES DE FUERZAS ARMADAS O POLICÍA NACIONAL.,5041002,30
110,DELITOS CONTRA LOS RECURSOS DE PATRIMONIO GENETICO NACIONAL,,
111,DELITOS CONTRA LOS RECURSOS DEL PATRIMONIO GENÉTICO NACIONAL,,29
112,DELITOS CONTRA SUELO,10013000,45
113,DELITOS DE LESA HUMANIDAD,11015002,33
114,DELITOS QUE SE DIRIGEN A DESTRUIR O IMPEDIR LA PRUEBA DEL ESTADO CIVIL DE UN NIÑO,,
115,DENEGACIÓN DE GARANTÍAS JUDICIALES DE PERSONA PROTEGIDA,11013406,46
116,DEPORTADO/EXCLUIDO QUE INGRESO O INTENTO  INGRESAR AL PAIS SIN AUTORIZACION,,
117,DERECHOS DE PARTICIPACION,,
118,DERECHOS DE PROTECCION,,
119,DERECHOS DE SUPERVIVENCIA,,
120,DESAPARICIÓN FORZADA,,33
121,DESAPARICIÓN INVOLUNTARIA,,37
122,DESAPARICION PERSONAS,,
123,DESATENCIÓN DEL SERVICIO DE SALUD,,
124,DESERCIÓN,,40
125,DESTRUCCIÓN DE BIENES DEL PATRIMONIO CULTURAL,8049001,19
126,DESTRUCCIÓN DE OBJETOS MATERIALES,,50
127,DESTRUCCIÓN DE REGISTROS,,
128,DESTRUCCIÓN O INUTILIZACIÓN DE BIENES,,40
129,DIFUSIÓN DE INFORMACIÓN DE CIRCULACIÓN RESTRINGIDA,2111001,21
130,DISCRIMINACIÓN,2101000,16
131,DISPOSICION FISCAL,,
132,"DISTRIBUCIÓN DE MATERIAL PORNOGRÁFICO A NIÑAS, NIÑOS Y  DOLESCENTES",8022002,35
133,EJECUCIÓN EXTRAJUDICIAL,1010901,33
134,EJERCICIO ILEGAL DE LA PROFESIÓN,7019004,31
135,EL HURTO Y ROBO QUE NO PASE DE UN SALARIO MINIMO,,
136,ELUSIÓN DE RESPONSABILIDADES DE LAS O LOS SERVIDORES DE LAS FUERZAS ARMADAS O POLICÍA NACIONAL,,
137,EMPLEO DE MÉTODOS PROHIBIDOS EN LA CONDUCCIÓN DE CONFLICTO ARMADO,,
138,EMPLEO DE PERSONAS PARA MENDICIDAD,2032901,51
139,ENGAÑO AL COMPRADOR RESPECTO A LA IDENTIDAD O CALIDAD DE LAS COSAS O SERVICIOS VENDIDOS,7022001,42
140,ENRIQUECIMIENTO ILÍCITO,7035001,30
141,ENRIQUECIMIENTO PRIVADO NO JUSTIFICADO,7035002,25
142,ESTAFA,7019005,22
143,ESTRATEGIAS POLICIALES,,
144,ESTUPRO,3011301,35
145,EVASIÓN,8062003,41
146,EVASION DE IMPUESTOS,,
147,EXCESO DE LOS LIMITES DE VELOCIDAD,,
148,EXCESO DE PASAJEROS EN TRANSPORTE PÚBLICO,,52
149,EXCESO DE PASAJEROS EN TRANSPORTE PÚBLICO,,47
150,EXPLOTACIÓN SEXUAL DE PERSONAS,30210,51
151,EXTORSIÓN,2051000,22
152,EXTORSIÓN SEXUAL,,35
153,EXTRALIMITACIÓN EN LA EJECUCIÓN DE UN ACTO DE SERVICIO,1010904,30
154,FALSEDAD DE INFORMACIÓN,8042004,49
155,FALSEDAD DE INFORMACIÓN FINANCIERA,8042005,26
156,FALSEDAD DOCUMENTAL EN EL MERCADO DE VALORES,,
157,FALSEDAD U OCULTAMIENTO DE INFORMACIÓN AMBIENTAL.,,32
158,FALSIFICACION,,
159,"FALSIFICACION DE DOCUMENTOS, USO DOLOSO DE DOCUMENTOS FALSOS",,
160,FALSIFICACIÓN DE FIRMAS,7023103,31
161,FALSIFICACIÓN DE MONEDA Y OTROS DOCUMENTOS,7021202,18
162,FALSIFICACIÓN O ADULTERACIÓN DE BIENES DEL PATRIMONIO CULTURAL.,,19
163,FALSIFICACIÓN Y USO DE DOCUMENTO FALSO,70232,31
164,"FALSIFICACIÓN, FORJAMIENTO O ALTERACIÓN DE RECETAS",,
165,FALSO SUFRAGIO,8079001,43
166,FALSO TESTIMONIO/PERJURIO,,
167,FALTA DE AFILIACIÓN AL INSTITUTO ECUATORIANO DE SEGURIDAD SOCIAL POR PARTE DE UNA PERSONA JURÍDICA,8082002,24
168,FALTA DE AFILIACIÓN AL INSTITUTO ECUATORIANO DE SEGURIDAD SOCIAL.,8082003,2
169,FEMICIDIO,1010902,36
170,FINANCIAMIENTO O SUMINISTROS DE MAQUINARIAS PARA EXTRACCION ILICITA DE RECURSOS MINEROS,,
171,FRAUDE ELECTORAL,8079002,43
172,FRAUDE PROCESAL,8061007,41
173,"GESTIÓN PROHIBIDA O NO AUTORIZADA DE PRODUCTOS, RESIDUOS, DESECHOS O SUSTANCIAS PELIGROSAS",10019002,32
174,HAGA RUIDO Y ALTERE LA TRANQUILIDAD CIUDADANA,,
175,HERIDAS/LESIONES,,
176,HOMICIDIO,1010101,36
177,HOMICIDIO CULPOSO,1032202,36
178,HOMICIDIO CULPOSO POR MALA PRÁCTICA PROFESIONAL,1032203,36
179,HOMICIDIO DE PERSONA PROTEGIDA,11013105,46
180,HOSTIGAMIENTO,,34
181,HURTO,50211,22
182,HURTO DE BIENES DE USO POLICIAL O MILITAR,5024001,22
183,HURTO DE LO REQUISADO,5029003,22
184,INAVASION DE AREAS DE IMPORTACION ECOLOGICA,,
185,INCENDIO,5049002,40
186,INCENDIOS FORESTALES Y DE VEGETACIÓN,,29
187,INCITACIÓN A DISCORDIA ENTRE CIUDADANOS,,40
188,INCRIMINACIÓN FALSA POR LAVADO DE ACTIVOS,,
189,INCUMPLIMIENTO DE DECISIONES LEGÍTIMAS DE AUTORIDAD COMPETENTE,8090002,30
190,INFILTRACIÓN EN ZONAS DE SEGURIDAD,9040010,40
191,INFRACCIONES CONTRA LOS PARTICIPANTES ACTIVOS EN CONFLICTO ARMADO,11013409,46
192,INFRACCIONES DE TRANSITO,,
193,INFRAESTRUCTURA ILICITA,,
194,INGRESO DE ARTÍCULOS PROHIBIDOS,8069002,41
195,INJURIAS CALUMNIOSAS,,
196,INJURIAS NO CALUMNIOSAS,,
197,INSEMINACIÓN  NO CONSENTIDA,,
198,INSOLVENCIA FRAUDULENTA,8042006,22
199,INSTIGACIÓN,8069003,40
200,INSUBORDINACIÓN,9040012,40
201,"INTERCAMBIO, COMERCIALIZACION O COMPRA DE INFORMACION DE EQUIPOS TERMINALES MOVILES",,
202,INTERCEPTACIÓN ILEGAL DE DATOS,9033003,39
203,INTIMIDACIÓN,2012100,34
204,INTIMIDACION/AMENAZA,,
205,INVASION / ALLANAMIENTOS,,
206,INVASIÓN DE ÁREAS DE IMPORTANCIA ECOLÓGICA,10099005,29
207,INVASIONES/ALLANAMIENTO,,
208,INVES. OTRAS MUERTES,,
209,JUGAR PUBLICAMENTE CARNAVAL,,
210,LAVADO DE ACTIVOS,7041003,49
211,LESIÓN A LA INTEGRIDAD FÍSICA DE PERSONA PROTEGIDA,11013107,46
212,LESIONES,20111,34
213,LESIONES A ANIMALES QUE FORMEN PARTE DEL ÁMBITO DE LA FAUNA URBANA,10091001,4
214,LESIONES CAUSADAS POR ACCIDENTE DE TRÁNSITO,2063005,52
215,LOS DUENOS DE TABERNAS QUE ADMITIEREN MENORES DE EDAD,,
216,LOS EBRIOS ENCONTRADOS EN UN LUGAR PUBLICO,,
217,LOS QUE ACULTAREN SUS DATOS A LAS  AUTORIDADES,,
218,LOS QUE ARROJAREN PIEDRAS EN LUGARES PUBLICOS,,
219,LOS QUE CAUSAREN DANO A OBJETOS DE SERVICIO PUBLICO,,
220,LOS QUE DANEN LA PROPIEDAD PUBLICA,,
221,LOS QUE DISPAREN EN PASEOS PUBLICOS,,
222,"LOS QUE FALTAREN DE CUALQUIER MODO CON GESTOS, ACCIONES, ETC",,
223,LOS QUE FALTAREN EL RESPETO A LA AUTORIDAD,,
224,LOS QUE INFRINGIEREN LOS REGLAMENTOS DE LA AUTORIDAD,,
225,LOS QUE LLEVEN ARMAS PROHIBIDAS,,
226,LOS QUE NO CUMPLAN A LA ORDEN DE LA AUTORIDAD,,
227,LOS QUE NO GUARDEN DEBIDA COMPOSTURA,,
228,LOS QUE OFENDIEREN EL PUDOR,,
229,LOS QUE PERMANECIEREN EN UNA CASA AJENA,,
230,LOS QUE SE INTRODUJEREN EN CASA AJENA,,
231,LOS QUE SE RESISTIEREN CONTRA LOS AGENTES DE POLICIA,,
232,LOS QUE USAREN DE COSAS AJENAS SIN PERMISO DEL DUENO,,
233,MAL USO DE EXENCIONES O SUSPENSIONES TRIBUTARIAS ADUANERAS,,
234,MALTRATO A ANIMALES QUE FORMAN PARTE DEL ÁMBITO DE LA FAUNA URBANA,,7
235,MALTRATO FÍSICO,,12
236,MALTRATO O MUERTE DE MASCOTAS O ANIMALES DE COMPAÑÍA,,
237,MALTRATO PSICOLÓGICO,,12
238,MICROTRAFICO,,
239,MOTOCICLETAS RETENIDAS POR ORDENANZA,,53
240,MUERTE A ANIMAL QUE FORMA PARTE DEL ÁMBITO DE LA FAUNA URBANA,,7
241,"MUERTE CAUSADA POR CONDUCTOR EN ESTADO DE EMBRIAGUEZ O BAJO LOS EFECTOS DE SUSTANCIAS ESTUPEFACIENTES, PSICOTRÓPICAS O PREPARADOS QUE LAS CONTENGAN",1032102,52
242,MUERTE CULPOSA,1032101,52
243,MUERTE PROVOCADA POR NEGLIGENCIA DE CONTRATISTA O EJECUTOR DE OBRA,1032205,52
244,NEGATIVA A PRESTAR AUXILIO SOLICITADO POR AUTORIDAD CIVIL,,
245,NOTIFICACIONES,,
246,NOVEDADES,,
247,OBSTACULIZACIÓN DE PROCESO ELECTORAL,8079003,43
248,OBSTACULIZACIÓN DE TAREAS SANITARIAS Y HUMANITARIAS,,
249,OBSTRUCCIÓN DE LA JUSTICIA,,41
250,OCULTAMIENTO DE INFORMACIÓN,,49
251,OCULTAMIENTO DE OBJETOS PARA EL SOCORRO,,40
252,OCULTAMIENTO Y OTROS ACTOS FRAUDULENTOS EN BENEFICIO DEL FALLIDO,8042008,22
253,"OCUPACIÓN, USO ILEGAL DE SUELO O TRÁFICO DE TIERRAS",5090004,22
254,OFERTA DE REALIZAR TRÁFICO DE INFLUENCIAS,7033006,30
255,OFERTA DE SERVICIOS SEXUALES CON MENORES DE DIECIOCHO AÑOS POR MEDIOS ELECTRÓNICOS,3022302,35
256,OMISIÓN DE AVISO DE DESERCIÓN,,
257,OMISIÓN DE CONTROL DE LAVADO DE ACTIVOS,,
258,OMISIÓN DE DENUNCIA,8061010,10
259,"OMISIÓN DE DENUNCIA EN RAZÓN DE LA PROFESIÓN, CARGO U OFICIO",8061011,41
260,OMISIÓN DE MEDIDAS DE SOCORRO Y ASISTENCIA HUMANITARIA,,
261,ORGANIZACIÓN O FINANCIAMIENTO PARA LA PRODUCCIÓN O TRÁFICO ILÍCITOS DE SUSTANCIAS CATALOGADAS SUJETAS A FISCALIZACIÓN,6012102,50
262,OTROS,,
263,OTROS ROBOS,,22
264,PARALIZACIÓN DE UN SERVICIO PÚBLICO,9040016,40
265,PARALIZACION DEL SERVICIO DE DISTRIBUCION DE COMBUSTIBLE,,
266,PATRULLAJES Y OPERATIVOS,,
267,PECULADO,70320,30
268,PELEAS O COMBATES ENTRE PERROS,10091003,4
269,PENA NATURAL,,
270,PENAL NATURAL,,
271,PERJURIO Y FALSO TESTIMONIO,8061012,41
272,PERSECUCIÓN,,33
273,PLAGIO O SECUESTRO PERSONAS,,
274,"PORNOGRAFÍA CON UTILIZACIÓN DE NIÑAS, NIÑOS O ADOLESCENTES",3022102,51
275,PRESCRIPCIÓN INJUSTIFICADA,2062006,50
276,PREVARICATO DE LAS O LOS ABOGADOS,,
277,PREVARICATO DE LAS O LOS JUECES O ÁRBITROS,,
278,PRIVACIÓN FORZADA DE CAPACIDAD DE REPRODUCCIÓN,,
279,PROCEDIMIENTOS,,
280,PRODUCCIÓN ILÍCITA DE SUSTANCIAS CATALOGADAS SUJETAS A FISCALIZACIÓN,6012200,50
281,PRODUCCIÓN TENENCIA Y TRÁFICO DE INSTRUMENTOS DESTINADOS A LA FALSIFICACIÓN DE MONEDA,7021201,18
282,"PRODUCCIÓN, FABRICACIÓN, COMERCIALIZACIÓN Y DISTRIBUCIÓN DE MEDICAMENTOS E INSUMOS CADUCADOS",,
283,PROSTITUCIÓN FORZADA,3029004,51
284,PROXENETISMO,,
285,QUIEBRA,,
286,QUIEN CAUSE DANO EN INSTALACIONES U OBRAS PUBLICAS,,
287,QUIEN CAUSE DANOS CON ARMAS CUERPOS DUROS O SUBSTANCIAS,,
288,QUIEN OCASIONE PELEAS,,
289,RAPTO,,
290,REBELIÓN,,
291,REBELION Y ATENTADO,,
292,RECEPTACIÓN,7049003,22
293,RECEPTACIÓN ADUANERA,8044002,28
294,REEMPLAZO DE IDENTIFICACIÓN DE TERMINALES MÓVILES,,
295,RÉGIMEN DE VISITAS,,13
296,"RESPONSABILIDAD DE LAS O LOS PEATONES, PASAJEROS O CONTROLADORES",2069001,52
297,RESTRICCIÓN A LA LIBERTAD DE EXPRESIÓN,,
298,RETENCIÓN ILEGAL DE APORTACIÓN A LA SEGURIDAD SOCIAL,,24
299,RETENCION INDEBIDA,,
300,RETENCIÓN INDEBIDA DEL HIJO O LA HIJA,,13
301,"REVELACIÓN DE IDENTIDAD DE AGENTE ENCUBIERTO, INFORMANTE, TESTIGO O PERSONA PROTEGIDA",,
302,REVELACIÓN ILEGAL DE BASE DE DATOS,,
303,ROBO,1010203,22
304,ROBO  A DOMICILIO,,22
305,ROBO A  UNIDADES ECONOMICAS,,22
306,ROBO A CARROS,,
307,ROBO A EMBARCACIONES DE ESPACIOS ACUÁTICOS,,22
308,ROBO A ENTIDADES FINANCIERAS,4013100,22
309,ROBO A ESTABLECIMIENTOS DE COLECTIVOS U ORGANIZACIONES SOCIALES,5019003,22
310,ROBO A INSTITUCIÓN PÚBLICA,,22
311,ROBO A INSTITUCIONES DE SALUD,5019001,22
312,ROBO A INSTITUCIONES EDUCATIVAS,4013204,22
313,ROBO A INSTITUCIONES PUBLICAS,,
314,ROBO A MOTOS,,
315,ROBO A PERSONAS,4011,22
316,ROBO A UNIDADES ECONOMICAS,,
317,ROBO A VEHÍCULOS DE TRANSPORTE DE VALORES,4012102,22
318,ROBO DE BIENES PATRIMONIALES,5013002,22
319,"ROBO DE BIENES, ACCESORIO Y AUTOPARTES DE VEHÍCULOS",,22
320,"ROBO DE BIENES, ACCESORIOS Y AUTOPARTES DE VEHICULOS",,
321,ROBO DE CARROS,4012103,22
322,ROBO DE MOTOS,4012104,22
323,ROBO DOMICILIO,,
324,ROBO EN EJES VIALES O CARRETERAS,4012101,22
325,ROBO EN INSTITUCIONES PUBLICAS,,
326,RUPTURA DE SELLOS,8049002,30
327,SABOTAJE,9040020,40
328,SANCION,,
329,SANCION A LA PERSONA JURIDICA,,
330,SECUESTRO,2022101,37
331,SECUESTRO EXPRESS,,
332,SECUESTRO EXTORSIVO,2022102,37
333,SICARIATO,1010202,36
334,SIEMBRA O CULTIVO,6012300,50
335,SIEMBRA O CULTIVO (SUSTANCIAS CATALOGADAS SUJETAS A FISCALIZACION),,
336,SIMULACIÓN DE EXPORTACIONES O IMPORTACIONES,,49
337,SIMULACIÓN DEC SECUESTRO,,37
338,SUICIDIO,,
339,"SUMINISTRO DE SUSTANCIAS ESTUPEFACIENTES, PSICOTRÓPICAS O PREPARADOS QUE LAS CONTENGAN",6090002,50
340,SUPLANTACIÓN DE IDENTIDAD,7019012,20
341,"SUPRESIÓN, ALTERACIÓN O SUPOSICIÓN DE LA IDENTIDAD Y ESTADO CIVIL",7019013,20
342,SUSTRACCIÓN DE BIENES DEL PATRIMONIO CULTURAL,,19
343,SUSTRACCIÓN DE HIDROCARBUROS,,27
344,SUSTRACCIÓN DE PAPELETAS ELECTORALES,8079005,43
345,TENENCIA ILEGAL ARMAS/EXPLOSIVOS,,
346,TENENCIA Y PORTE DE ARMAS,9011103,40
347,TENENCIA Y PORTE DE ARMAS,9061002,40
348,TENTATIVA,,14
349,TENTATIVA ASESINATO/HOMICIDIO,,
350,TENTATIVA DE ASESINATO CONTRA LA O EL PRESIDENTE DE LA REPÚBLICA,9040022,40
351,TENTATIVA DE PLAGIO/SECUESTRO,,
352,TENTATIVA DE ROBO,,
353,TENTATIVA DE VIOLACION,,
354,TERRORISMO,9061002,54
355,TESTAFERRISMO,,
356,"TODO EL QUE ULTRAJARE A UNA PERSONA CON BOFETADAS, PUNTAPIES",,
357,TOMA DE REHENES,,46
358,TORTURA,11011000,34
359,"TORTURA Y TRATOS CRUELES, INHUMANOS O DEGRADANTES EN PERSONA PROTEGIDA",,
360,TRABAJOS FORZADOS U OTRAS FORMAS DE EXPLOTACIÓN LABORAL,20321,51
361,TRÁFICO DE INFLUENCIAS,7034000,30
362,TRAFICO DE MIGRANTES,,
363,TRÁFICO DE MONEDA,7021103,18
364,"TRÁFICO ILÍCITO DE ARMAS DE FUEGO, ARMAS QUÍMICAS, NUCLEARES O BIOLÓGICAS",9011300,40
365,TRÁFICO ILÍCITO DE MIGRANTES,8051002,38
366,TRÁFICO ILÍCITO DE SUSTANCIAS CATALOGADAS SUJETAS A FISCALIZACIÓN,6012401,50
367,TRAFICO ILICITO DE SUSTANCIAS CATALOGADAS SUJETAS A FISCALIZACION (QUIMICOS),,
368,TRAFICO/TENENCIA DE MONEDA FALSA,,
369,TRANSFERENCIA ELECTRÓNICA DE ACTIVO PATRIMONIAL,9032204,39
370,TRANSPORTE Y COMERCIALIZACIÓN ILÍCITOS Y TRÁFICO DE BIENES DEL PATRIMONIO CULTURAL,7042000,19
371,TRATA DE PERSONAS,2041000,55
372,TRATA PERSONA,,
373,TRATO NEGLIGENTE Y DESCUIDO GRABE DE LOS NNA,,12
374,USO DE FUERZA PÚBLICA CONTRA ÓRDENES DE AUTORIDAD,,
375,USO DE VEHÍCULO PARA LA COMISIÓN DE DELITOS,,52
376,"USO, CONSTRUCCIÓN, COMERCIALIZACIÓN O TENENCIA DE SEMISUMERGIBLES O SUMERGIBLES.",,54
377,USURA,8042015,49
378,USURPACIÓN,9040024,22
379,USURPACIÓN DE UNIFORMES E INSIGNIAS,9040025,9
380,USURPACION FUNCIONES/SUPLANTACION DE IDENTIDAD,,
381,USURPACIÓN Y SIMULACIÓN DE FUNCIONES PÚBLICAS,7019014,30
382,UTILIZACIÓN DE ARMAS PROHIBIDAS,11013902,46
383,UTILIZACION DE FRECUENCIAS Y SERVICIOS NO AUTORIZADOS,,
384,UTILIZACIÓN DE PERSONAS PARA EXHIBICIÓN PÚBLICA CON FINES DE NATURALEZA SEXUAL,,
385,VARIOS,,
386,VEHICULOS  DE TRANSPORTE PUBLICO,,
387,VEHICULOS PARTICULARES,,
388,VERIFICACION DE INFORMACION,,
389,VIOLACIÓN,1010204,35
390,VIOLACIÓN A LA INTIMIDAD,2111005,21
391,VIOLACIÓN DE PROPIEDAD PRIVADA,5090005,21
392,VIOLACIÓN INCESTUOSA,,35
393,VIOLENCIA CONTRA LA MUJER O MIEMBROS DEL NÚCLEO FAMILIAR,2011205,5
394,VIOLENCIA FÍSICA CONTRA LA MUJER O MIEMBROS DEL NÚCLEO FAMILIAR,2011111,48
395,VIOLENCIA PSICOLÓGICA CONTRA LA MUJER O MIEMBROS DEL NÚCLEO FAMILIAR,208902,48
396,VIOLENCIA SEXUAL CONTRA LA MUJER O MIEMBROS DEL NÚCLEO FAMILIAR,3090001,48
